"file name,","file size,","number of words,","% negative,","# of alphabetic,","# of digits,","# of numbers,","average word length,",vocabulary
./files\20100208_10-K_edgar_data_12927_0001193125-10-024406_1.txt,6274792,292731,2.76875356556019,3952193,261227,92512,4.971537008379707,1809
./files\20100211_10-K_edgar_data_101829_0001193125-10-027861_1.txt,6819640,413884,2.021097698872148,4324288,419572,97008,4.9465236636352214,1708
./files\20100216_10-K_edgar_data_66740_0001104659-10-007295_1.txt,12834085,726988,1.1396336665804663,8132885,673032,153523,4.8720391533285285,1941
./files\20100217_10-K_edgar_data_30554_0001047469-10-000954_1.txt,6507554,382880,0.647461345591308,4230143,367025,76311,5.031905557877142,1792
./files\20100218_10-K_edgar_data_86312_0001047469-10-000972_1.txt,11026836,562579,1.7261575707589512,7167547,357518,145797,5.0100999148564025,2111
./files\20100219_10-K_edgar_data_18230_0000018230-10-000092_1.txt,32681880,1011102,4.121938241641299,11787077,1079198,300600,5.109747582340852,2157
./files\20100219_10-K_edgar_data_40545_0000040545-10-000010_1.txt,22391867,1462022,3.4689628473442946,13479506,1182754,226809,4.908207947623223,2341
./files\20100222_10-K_edgar_data_50863_0000950123-10-015237_1.txt,7415180,320740,2.40101016399576,4220441,289147,99648,4.868313899108312,1783
./files\20100223_10-K_edgar_data_51143_0001047469-10-001151_1.txt,16515375,933609,1.0707908771230783,10614733,840047,191785,4.835999867182086,1978
./files\20100224_10-K_edgar_data_19617_0000950123-10-016029_1.txt,14110330,537886,2.7067073692195,7617229,607644,203267,4.7613155947542785,2204
./files\20100225_10-K_edgar_data_1103982_0001193125-10-040106_1.txt,7757176,340742,1.9351885003903244,4853623,269091,103890,4.924218323540979,1801
./files\20100225_10-K_edgar_data_732717_0000732717-10-000013_1.txt,11060780,632983,2.8310396961687756,6793049,454622,119808,4.926911149272572,2144
./files\20100225_10-K_edgar_data_93410_0000950123-10-016846_1.txt,7422900,255850,3.7318741450068402,3958390,437623,120750,4.804584717607973,1921
./files\20100226_10-K_edgar_data_21344_0001047469-10-001476_1.txt,6382884,315848,2.154200754793445,4134749,227737,90124,4.908237506648768,1968
./files\20100226_10-K_edgar_data_34088_0001193125-10-042929_1.txt,10097184,450457,1.6183564690969394,6220770,434206,158641,4.831588808698721,1861
./files\20100226_10-K_edgar_data_4962_0001193125-10-041232_1.txt,9988218,503054,1.8912482556544625,6364853,372197,134018,4.8458734052407895,2126
./files\20100226_10-K_edgar_data_63908_0001193125-10-042025_1.txt,4934440,208691,3.063380787863396,3011589,274361,81424,5.018611248209075,1509
./files\20100226_10-K_edgar_data_70858_0001193125-10-041666_1.txt,20933124,1172429,1.4234550663622276,13484922,820030,249473,4.961057769809515,2576
./files\20100226_10-K_edgar_data_732712_0001193125-10-041685_1.txt,5857423,270414,3.0919257139053453,3732488,209338,77710,4.798738231008749,1819
./files\20100226_10-K_edgar_data_78003_0001193125-10-042425_1.txt,9322084,454725,2.4845785914563745,5891756,399918,148753,4.975941503106273,2138
./files\20100301_10-K_edgar_data_200406_0000950123-10-019392_1.txt,4147403,154754,3.740129495845019,2314558,195842,66070,4.8289349548315395,1499
./files\20100301_10-K_edgar_data_310158_0000950123-10-018679_1.txt,8565386,446371,2.049640321615876,5141134,315614,105681,4.823689262967353,2306
./files\20100325_10-K_edgar_data_354950_0001193125-10-067178_1.txt,3706541,159051,5.183871839850111,2354079,151675,53837,4.758888658354867,1507
./files\20100330_10-K_edgar_data_104169_0001193125-10-071652_1.txt,5162417,249524,3.9078405283660094,3320225,194657,71753,4.7774081851845915,1890
./files\20100730_10-K_edgar_data_789019_0001193125-10-171791_1.txt,20098498,561549,8.992625754831725,12012808,1138128,278067,4.896146195612493,1857
./files\20100813_10-K_edgar_data_80424_0001193125-10-188769_1.txt,26662130,507519,8.085608617608404,14095986,2565834,557313,4.682565578825621,2190
./files\20100921_10-K_edgar_data_858877_0001193125-10-213400_1.txt,21196614,703927,8.805600580742038,12864782,1085131,270446,4.8871928481220355,2089
./files\20101215_10-K_edgar_data_47217_0001047469-10-010444_1.txt,31384279,961057,9.952479405487916,21353597,1658280,397402,4.9209068764911965,2300
./files\20110208_10-K_edgar_data_30554_0001047469-11-000602_1.txt,35998105,1260477,6.065164219577192,22613394,2413621,488408,5.0204692350594256,1931
./files\20110209_10-K_edgar_data_12927_0001193125-11-028490_1.txt,24837328,750266,10.187586802547363,16363288,1402506,339158,4.979091415577941,1965
./files\20110210_10-K_edgar_data_101829_0001193125-11-029695_1.txt,23953414,905570,9.223251653654604,15753925,1701968,334138,4.861229943571452,1904
./files\20110216_10-K_edgar_data_66740_0001104659-11-007845_1.txt,53761286,1782764,8.456194987109903,34443649,3974406,950275,4.8955986322362355,2006
./files\20110217_10-K_edgar_data_86312_0001047469-11-001001_1.txt,34592656,1073085,10.404767562681428,22836049,1961170,472976,5.009281650568221,2197
./files\20110218_10-K_edgar_data_50863_0000950123-11-015783_1.txt,30177902,778372,17.70939859090512,19543535,1456712,354332,4.863868433088549,1913
./files\20110222_10-K_edgar_data_18230_0001104659-11-008938_1.txt,73688324,2351986,6.741621761354022,44833740,6249725,1449031,4.882040539356952,2361
./files\20110222_10-K_edgar_data_51143_0001047469-11-001117_1.txt,54407506,1836536,6.833462562127831,34357004,4179642,989432,4.907138221085783,2029
./files\20110224_10-K_edgar_data_93410_0000950123-11-017688_1.txt,21818765,574275,12.339906839057942,13501459,1295145,297737,4.872879717905184,2012
./files\20110225_10-K_edgar_data_200406_0000950123-11-018128_1.txt,19449724,538352,11.642939935209677,12140421,1081400,251591,4.912365887003299,1736
./files\20110225_10-K_edgar_data_34088_0001193125-11-047394_1.txt,31425179,994580,7.490397956926542,20240549,1728623,437712,4.864043113676124,1771
./files\20110225_10-K_edgar_data_40545_0001193125-11-047479_1.txt,56656192,1585407,12.28252429817706,37235893,3042276,754343,4.958603689778082,2199
./files\20110225_10-K_edgar_data_63908_0001193125-11-046701_1.txt,14021305,426463,9.409491561987792,8978444,968549,219988,5.009121541610878,1699
./files\20110225_10-K_edgar_data_70858_0000950123-11-018743_1.txt,91926511,2719996,12.319282822474738,57810653,4778643,1029044,4.881516369877015,2712
./files\20110228_10-K_edgar_data_1103982_0001193125-11-048979_1.txt,26612032,792740,9.636072356636475,17311406,1420303,363498,4.939142720185685,2071
./files\20110228_10-K_edgar_data_19617_0000950123-11-019773_1.txt,91842309,2179281,21.621672469039098,62045862,4194891,1047124,4.8141809156322655,2330
./files\20110228_10-K_edgar_data_21344_0001047469-11-001506_1.txt,30388930,938576,11.707416341351152,21092672,1497161,366682,4.8698901314331495,2246
./files\20110228_10-K_edgar_data_310158_0000950123-11-019286_1.txt,32368349,914699,14.347342677755195,21104041,1516831,363235,4.902276049279599,2292
./files\20110228_10-K_edgar_data_4962_0000950123-11-019072_1.txt,36969563,1097280,11.046496792067659,23170771,1955226,463759,4.841673957421989,2533
./files\20110228_10-K_edgar_data_732712_0001193125-11-049476_1.txt,23409176,712048,11.311316091050042,15631959,1216189,301310,4.861669438015415,2041
./files\20110228_10-K_edgar_data_78003_0001193125-11-048877_1.txt,58034191,1746892,10.720697100908357,32336123,3674240,804464,4.932661549769533,2307
./files\20110301_10-K_edgar_data_732717_0000732717-11-000014_1.txt,38688376,1439486,8.918252765223142,24921067,2628280,593056,4.960797117860125,2219
./files\20110324_10-K_edgar_data_354950_0001193125-11-076501_1.txt,8714969,290353,9.037619724955485,5808962,462755,116818,4.815968837931759,1704
./files\20110330_10-K_edgar_data_104169_0001193125-11-083157_1.txt,14621834,487275,9.235031553024472,9657122,779986,201173,4.820661843927967,1990
./files\20110728_10-K_edgar_data_789019_0001193125-11-200680_1.txt,16947560,565878,1.713796966837375,9638106,1200566,290075,4.861477208868343,1856
./files\20110810_10-K_edgar_data_80424_0000080424-11-000014_1.txt,30517793,879494,1.3226923662924364,16360545,3238979,593943,4.899375095225209,2077
./files\20110914_10-K_edgar_data_858877_0001193125-11-247394_1.txt,20682516,773839,1.472140845834857,12064654,1313605,311977,4.769545086251791,2099
./files\20111214_10-K_edgar_data_47217_0001047469-11-010094_1.txt,26113162,904775,1.3451963195269543,15860086,1647243,385122,4.898166947583653,2119
./files\20120209_10-K_edgar_data_101829_0001193125-12-047752_1.txt,20396090,935814,1.2138095818186094,11784195,1748281,331168,4.845294043474451,2104
./files\20120209_10-K_edgar_data_12927_0001193125-12-048565_1.txt,19873321,703996,1.7819703521042733,11440483,1339267,304028,4.915306336967824,1915
./files\20120209_10-K_edgar_data_30554_0000030554-12-000005_1.txt,25594761,1090578,1.0976748109717964,15343536,2290564,358597,5.046198437892567,1885
./files\20120216_10-K_edgar_data_66740_0001104659-12-010566_1.txt,43681216,1665443,0.8609120816503477,24844539,3971114,924303,4.867142255844241,2028
./files\20120216_10-K_edgar_data_86312_0001047469-12-001096_1.txt,27009708,989495,1.4521548870888685,15585083,1985975,476118,4.950606117261835,2223
./files\20120221_10-K_edgar_data_18230_0001104659-12-011331_1.txt,63153386,2305076,0.7589771443544595,35182801,6116079,1411864,4.873525645141418,2216
./files\20120223_10-K_edgar_data_200406_0001193125-12-075565_1.txt,17446618,592683,1.7984318767368053,9768908,1173194,273113,4.775510686150944,1846
./files\20120223_10-K_edgar_data_21344_0000021344-12-000007_1.txt,35749499,1488561,1.7203191538673928,21270246,3100481,511236,4.981563402507522,2201
./files\20120223_10-K_edgar_data_50863_0001193125-12-075534_1.txt,26324045,1075869,1.1441913467160036,14705696,2319165,429489,4.792146627516919,2012
./files\20120223_10-K_edgar_data_70858_0000070858-12-000155_1.txt,119537911,5235327,1.811329072663465,72381514,10082524,1634988,4.9933115925710085,2703
./files\20120223_10-K_edgar_data_93410_0000950123-12-002976_1.txt,18514759,556235,1.9750644961212438,9690303,1328878,297462,4.764523987163699,2052
./files\20120224_10-K_edgar_data_34088_0001193125-12-078102_1.txt,25918019,944580,1.205826928370281,14966303,1741135,413419,5.024248872514768,1899
./files\20120224_10-K_edgar_data_40545_0000040545-12-000016_1.txt,54597322,2448024,1.48650503426437,31043922,4856068,894630,4.832683421404365,2100
./files\20120224_10-K_edgar_data_4962_0001193125-12-077400_1.txt,35096873,1587868,1.1426642516884276,20563667,2912089,555920,4.7903364763317855,2483
./files\20120224_10-K_edgar_data_63908_0001193125-12-077317_1.txt,11537009,415975,1.7188532964721437,6570167,891129,203651,4.942111905763568,1750
./files\20120224_10-K_edgar_data_732712_0001193125-12-077846_1.txt,17799660,636074,1.6155352993519623,10340748,1142618,267536,4.7903011284850505,1877
./files\20120224_10-K_edgar_data_732717_0000732717-12-000025_1.txt,26485348,1417883,1.9589063413553869,16028581,2006772,383123,4.844988620358661,2562
./files\20120227_10-K_edgar_data_1103982_0001193125-12-080318_1.txt,19472284,668874,1.6832766709425093,11183196,1258456,301882,4.887551317587468,1895
./files\20120228_10-K_edgar_data_310158_0001193125-12-084319_1.txt,24753614,966156,1.5410554817234483,14290939,1656657,385965,4.825860420056388,2278
./files\20120228_10-K_edgar_data_51143_0001047469-12-001742_1.txt,48253491,1859761,0.8244607774869998,27462555,4420929,1041164,4.875554439522068,2044
./files\20120228_10-K_edgar_data_78003_0001193125-12-085703_1.txt,28949558,1061203,1.9417585513798963,16508819,2261869,474866,4.912394706762043,2496
./files\20120229_10-K_edgar_data_19617_0000019617-12-000163_1.txt,117703580,4977802,1.7200965406016553,70990189,10079245,1633647,4.949268773647486,2488
./files\20120322_10-K_edgar_data_354950_0000354950-12-000003_1.txt,10720803,457686,1.8270167756933793,6471239,913774,136477,5.031879935152047,1659
./files\20120327_10-K_edgar_data_104169_0001193125-12-134679_1.txt,11592603,429417,1.6303499861440047,6745651,728709,174063,4.790986383864635,1813
./files\20120726_10-K_edgar_data_789019_0001193125-12-316848_1.txt,17227772,565965,1.7907467776275918,9764874,1293799,306564,4.851946675147756,1868
./files\20120808_10-K_edgar_data_80424_0000080424-12-000063_1.txt,20871611,925949,1.3722138044319936,12647718,1765092,282047,5.0289594783298,1934
./files\20120912_10-K_edgar_data_858877_0001193125-12-388590_1.txt,20547000,760293,1.6618593095030467,11984813,1469019,332247,4.753138592621529,2114
./files\20121227_10-K_edgar_data_47217_0001047469-12-011417_1.txt,28346359,980567,1.35921359784696,17064303,1922524,450943,4.869114502119692,2105
./files\20130207_10-K_edgar_data_101829_0001193125-13-042195_1.txt,26048117,1130317,1.1411842872397742,14476408,2200984,390557,4.836011490581845,1946
./files\20130207_10-K_edgar_data_30554_0000030554-13-000006_1.txt,28490145,1211971,1.1402088003755866,17011607,2581502,400084,5.047807249513396,2020
./files\20130207_10-K_edgar_data_731766_0000731766-13-000005_1.txt,26597845,1151217,2.0955215220067114,16143741,2288108,355298,5.1131272383920665,2152
./files\20130211_10-K_edgar_data_12927_0000012927-13-000014_1.txt,27422897,1121575,1.8866326371397366,16479375,2389704,370258,5.042223658694247,1859
./files\20130214_10-K_edgar_data_66740_0001104659-13-010881_1.txt,35524954,1553818,0.9728295077029613,20343083,3229636,582171,4.83902168722463,2001
./files\20130219_10-K_edgar_data_18230_0000018230-13-000075_1.txt,74205943,3044993,2.1409244618953145,43839889,6617262,1133203,5.079687867919565,2261
./files\20130219_10-K_edgar_data_50863_0001193125-13-065416_1.txt,25626734,1028699,1.177215103737828,14399517,2233260,415140,4.790148527411809,1912
./files\20130219_10-K_edgar_data_86312_0001047469-13-001211_1.txt,28640112,1051553,1.4277929880852416,16458956,2137899,515224,4.9664667401452895,2251
./files\20130222_10-K_edgar_data_200406_0000200406-13-000038_1.txt,24757503,1037321,2.049799435276062,14825199,2156334,337474,5.082021862085122,1926
./files\20130222_10-K_edgar_data_4962_0001193125-13-070554_1.txt,35090998,1580932,1.080691642651297,20410278,2937161,556498,4.79248380069478,2427
./files\20130222_10-K_edgar_data_732717_0000732717-13-000017_1.txt,22401733,1041583,1.5749104968111038,13065839,1822133,344685,4.839897540570458,2124
./files\20130222_10-K_edgar_data_93410_0000093410-13-000003_1.txt,55049257,1592518,1.8610778653679267,28840353,6114932,975111,4.90019641850202,2170
./files\20130225_10-K_edgar_data_63908_0000063908-13-000010_1.txt,22271584,729534,2.548476150528968,12050331,2277587,452374,4.997649184273797,1719
./files\20130226_10-K_edgar_data_40545_0000040545-13-000036_1.txt,58360400,2617475,1.4450949865805787,33192967,5091868,925633,4.846629671725613,2103
./files\20130226_10-K_edgar_data_51143_0001047469-13-001698_1.txt,49290046,1897161,0.8112121216913061,27980523,4539016,1058060,4.876844927763115,2077
./files\20130226_10-K_edgar_data_732712_0001193125-13-075713_1.txt,17484669,617219,1.786723999099185,10070737,1291611,290865,4.774017002068958,1866
./files\20130227_10-K_edgar_data_21344_0000021344-13-000007_1.txt,37946497,1616933,1.6807128062820167,22736398,3289249,520821,5.04775769929861,2343
./files\20130227_10-K_edgar_data_34088_0000034088-13-000011_1.txt,27580538,1481597,0.6528765919477428,16526292,2342132,355116,4.99530371619273,1848
./files\20130228_10-K_edgar_data_19617_0000019617-13-000221_1.txt,116724221,4793804,1.700862196285038,69307744,10084443,1652862,4.965930605423167,2558
./files\20130228_10-K_edgar_data_310158_0001193125-13-084618_1.txt,21998330,803436,1.652029533155099,12640554,1714857,373672,4.804575597807417,2237
./files\20130228_10-K_edgar_data_70858_0000070858-13-000097_1.txt,123106925,5357578,1.8687735390879985,74735753,10276720,1598160,4.9996113915653675,2618
./files\20130228_10-K_edgar_data_78003_0000078003-13-000006_1.txt,43282100,1830442,2.0840867943371055,26109107,3744357,590427,5.009771956718651,2481
./files\20130326_10-K_edgar_data_104169_0000104169-13-000011_1.txt,16953770,753311,2.067671917707295,10307576,1401026,219030,5.10701821691174,1822
./files\20130328_10-K_edgar_data_354950_0000354950-13-000008_1.txt,9744169,418832,1.8033483592466668,5870795,829257,122898,5.028639167971884,1666
./files\20130723_10-K_edgar_data_320187_0000320187-13-000092_1.txt,26524396,1166372,4.432805314256515,17370031,1839729,318642,5.079887034325241,2116
./files\20130730_10-K_edgar_data_789019_0001193125-13-310206_1.txt,24741175,751634,7.544496390530497,15436997,1551042,380667,4.867052315355612,1946
./files\20130808_10-K_edgar_data_80424_0000080424-13-000063_1.txt,33071158,1389600,4.593767990788717,21621133,2269282,408132,5.059779792746114,1887
./files\20130910_10-K_edgar_data_858877_0000858877-13-000049_1.txt,41181475,1771417,4.918209546368811,26944940,2880072,502240,5.088819854387759,2217
./files\20131122_10-K_edgar_data_1403161_0001403161-13-000011_1.txt,20736794,828386,2.252452359165896,12322933,1839268,285066,5.026490066225166,1899
./files\20140205_10-K_edgar_data_30554_0000030554-14-000002_1.txt,31017772,1264716,1.1831114653408354,18186255,2903693,454185,5.0414385522125125,2007
./files\20140206_10-K_edgar_data_101829_0000101829-14-000006_1.txt,27627603,1140373,2.104574555869001,16514957,2386412,378022,5.097426894533631,1948
./files\20140212_10-K_edgar_data_731766_0000731766-14-000008_1.txt,26797648,1105802,2.1996704654178596,16043081,2385555,374225,5.105876097167486,2086
./files\20140213_10-K_edgar_data_66740_0001104659-14-009773_1.txt,36298673,1545453,0.9832715715068656,20541513,3399866,612199,4.837912896736426,1997
./files\20140213_10-K_edgar_data_86312_0001047469-14-000854_1.txt,32895174,1167091,1.4010047202831655,18614700,2567414,616555,4.942398664714234,2347
./files\20140214_10-K_edgar_data_12927_0000012927-14-000004_1.txt,28597586,1133622,1.9110426579582964,16926638,2597100,403244,5.033302988121261,1935
./files\20140214_10-K_edgar_data_50863_0000050863-14-000020_1.txt,31686485,1201460,2.1905847885073157,18470242,2921604,463129,4.963436152680905,2030
./files\20140218_10-K_edgar_data_18230_0000018230-14-000058_1.txt,88050247,3117514,2.2137831618398507,48243355,8807906,1934922,5.0710155591923565,2251
./files\20140220_10-K_edgar_data_19617_0000019617-14-000289_1.txt,120739670,4756394,1.7667796233869608,71363688,10941791,1816159,4.98234923347393,2450
./files\20140221_10-K_edgar_data_200406_0000200406-14-000033_1.txt,24921475,1006271,2.0975462872327633,14686079,2241476,350185,5.0769832381137885,1843
./files\20140221_10-K_edgar_data_732717_0000732717-14-000010_1.txt,25499035,1205430,1.8354446131256066,14852039,2065559,396397,4.82656396472628,2226
./files\20140221_10-K_edgar_data_93410_0000093410-14-000011_1.txt,39048269,1508346,1.9756740164391988,22424891,3689010,597302,5.033410106169274,2099
./files\20140224_10-K_edgar_data_63908_0000063908-14-000019_1.txt,21735343,682745,2.6046327691890823,11562122,2285143,462029,4.988361687013453,1790
./files\20140225_10-K_edgar_data_4962_0001193125-14-066777_1.txt,31348041,1377170,1.076773383097221,17920619,2746747,505149,4.80642549576305,2340
./files\20140225_10-K_edgar_data_51143_0001047469-14-001302_1.txt,42733609,1996920,0.8065420747951847,25059004,3696528,614836,4.809537688039581,2179
./files\20140226_10-K_edgar_data_34088_0000034088-14-000012_1.txt,27141736,1374529,0.6962384933311702,15932986,2377387,383164,4.935426607950796,1968
./files\20140227_10-K_edgar_data_21344_0000021344-14-000008_1.txt,34451556,1415025,1.7858341725411213,20492602,3077218,490630,5.061670288510804,2164
./files\20140227_10-K_edgar_data_310158_0000310158-14-000009_1.txt,31894759,1306042,1.9450369896220794,19007987,2841078,445766,5.084535566237533,2231
./files\20140227_10-K_edgar_data_40545_0000040554-14-000023_1.txt,54355532,2390641,1.5807057605052368,30738595,4942353,907679,4.856377013529007,2166
./files\20140227_10-K_edgar_data_732712_0001193125-14-073266_1.txt,18913215,644926,1.8008267615199265,10584504,1480848,328670,4.752005656462912,2096
./files\20140228_10-K_edgar_data_78003_0000078003-14-000018_1.txt,44445712,1815653,2.1138951110151556,26451194,3948403,621127,5.000889487143193,2498
./files\20140228_10-K_edgar_data_886982_0001193125-14-073792_1.txt,39620414,1390029,1.6284552336677867,21969991,3068475,688869,4.940571024057771,2358
./files\20140321_10-K_edgar_data_104169_0000104169-14-000019_1.txt,17670124,780288,2.1443364501312336,10652052,1496733,235463,5.087213951771654,2055
./files\20140327_10-K_edgar_data_354950_0000354950-14-000008_1.txt,10150336,426136,1.7919161957684873,6029041,890765,134056,5.033869468901947,1721
./files\20140725_10-K_edgar_data_320187_0000320187-14-000097_1.txt,21966330,927873,2.1266919071898847,13141463,1951223,308293,5.076436107096553,1989
./files\20140731_10-K_edgar_data_789019_0001193125-14-289961_1.txt,18507199,582097,1.8005590133603162,10215586,1494007,335096,4.832082968989704,1996
./files\20140808_10-K_edgar_data_80424_0000080424-14-000057_1.txt,22989244,929919,1.5559419691392475,13651830,2056196,327746,5.048790270980591,1759
./files\20140909_10-K_edgar_data_858877_0000858877-14-000029_1.txt,30333205,1258400,2.0096948506039416,18115852,2707543,425132,5.096878575969485,1996
./files\20141121_10-K_edgar_data_1403161_0001403161-14-000017_1.txt,22535629,976982,2.120714608866898,13577964,1921747,298987,4.987616967354567,2249
./files\20150205_10-K_edgar_data_101829_0000101829-15-000005_1.txt,27624283,1173496,2.014067367933082,16745672,2321273,362626,5.054287360161432,2153
./files\20150205_10-K_edgar_data_30554_0000030554-15-000004_1.txt,30369669,1242009,1.2455626327989573,18080425,2684604,421685,4.997693253430531,1883
./files\20150210_10-K_edgar_data_731766_0000731766-15-000007_1.txt,28201532,1165603,2.123278680648557,17059266,2449185,382498,5.058632313060278,2071
./files\20150212_10-K_edgar_data_12927_0000012927-15-000011_1.txt,29679276,1181357,1.9176252394492097,17819852,2569298,399573,4.992926778272783,1843
./files\20150212_10-K_edgar_data_66740_0001104659-15-009560_1.txt,37931756,1601014,1.0082360304157238,22103621,3334604,603369,4.787935645784484,1997
./files\20150212_10-K_edgar_data_86312_0001047469-15-000743_1.txt,40636541,1511498,1.1608351450018457,22959421,3427095,771258,4.936560948145482,2378
./files\20150213_10-K_edgar_data_50863_0000050863-15-000015_1.txt,36614898,1290762,2.183903771570592,20908850,3385107,572982,4.920023985831625,2071
./files\20150217_10-K_edgar_data_18230_0000018230-15-000061_1.txt,78512285,3275148,2.1461320221254123,47681970,6610463,1118775,5.046321570811457,2393
./files\20150220_10-K_edgar_data_732717_0000732717-15-000016_1.txt,23806928,1122372,1.0170424778950293,14166384,1854328,352194,4.8998825701282644,1971
./files\20150220_10-K_edgar_data_93410_0000093410-15-000010_1.txt,32752013,1409999,1.9192921413419444,19879340,2708751,413586,5.029188673183456,1992
./files\20150223_10-K_edgar_data_732712_0001193125-15-057710_1.txt,21557524,766736,1.7334519313036039,12272901,1582871,345943,4.680483243254523,2267
./files\20150223_10-K_edgar_data_886982_0001193125-15-056785_1.txt,45276881,1591056,1.6085543186412044,25217197,3739390,796953,4.897967764805261,2491
./files\20150224_10-K_edgar_data_19617_0000019617-15-000272_1.txt,121565471,4818160,1.8759028342769855,73769936,10324694,1722160,4.945408828266392,2394
./files\20150224_10-K_edgar_data_200406_0000200406-15-000004_1.txt,25295131,1031951,2.075292334616663,15078860,2169420,343927,5.036165476849192,1866
./files\20150224_10-K_edgar_data_4962_0001193125-15-059931_1.txt,32094172,1470167,1.0796732616090554,19085618,2516180,459795,4.791163860976338,2374
./files\20150224_10-K_edgar_data_51143_0001047469-15-001106_1.txt,48418250,2250360,0.8467534083435538,28895065,3978333,692366,4.780446239712757,2311
./files\20150224_10-K_edgar_data_63908_0000063908-15-000016_1.txt,21542671,692006,2.538272789542287,11624007,2210691,436790,4.963868810386037,1728
./files\20150225_10-K_edgar_data_21344_0000021344-15-000005_1.txt,35564809,1470498,1.814827357806675,21584674,2991300,483040,5.0180680286542385,2240
./files\20150225_10-K_edgar_data_34088_0000034088-15-000013_1.txt,26917781,1341836,0.7701388247147938,16333303,2120567,314832,4.815696553081002,1885
./files\20150227_10-K_edgar_data_310158_0000310158-15-000005_1.txt,37467392,1561760,1.909832496670423,22669545,3134485,501276,5.0409064132773285,2286
./files\20150227_10-K_edgar_data_40545_0000040545-15-000030_1.txt,80140097,2742038,0.8971064587726354,43529338,9024314,1523245,4.843685609025112,2288
./files\20150227_10-K_edgar_data_78003_0000078003-15-000014_1.txt,46025691,1876220,2.125550308599205,27841087,3899933,617668,4.973632090053405,2311
./files\20150326_10-K_edgar_data_354950_0000354950-15-000008_1.txt,11290968,474819,1.869765110494736,6740008,959973,141894,4.976894353427306,1732
./files\20150401_10-K_edgar_data_104169_0000104169-15-000011_1.txt,17821080,795668,2.1261380374729155,10846271,1462156,230334,5.076761915773916,1992
./files\20150723_10-K_edgar_data_320187_0000320187-15-000113_1.txt,16905418,960514,2.1176161929966666,11534936,1085548,179040,5.086783742871004,2089
./files\20150731_10-K_edgar_data_789019_0001193125-15-272806_1.txt,14337071,609447,1.9420884834940528,9124744,781544,216402,4.8294716357616005,1983
./files\20150807_10-K_edgar_data_80424_0000080424-15-000070_1.txt,19145589,1126213,1.841214761328452,13026018,1197317,202005,5.046877455685559,2428
./files\20150908_10-K_edgar_data_858877_0000858877-15-000070_1.txt,23764933,1365614,2.0622957878287713,16243664,1488930,249532,5.095948782013073,2176
./files\20151028_10-K_edgar_data_320193_0001193125-15-356351_1.txt,9594425,396487,2.0212516425507014,6155433,544683,109322,4.900677701917087,1664
./files\20151120_10-K_edgar_data_1403161_0001403161-15-000013_1.txt,17272826,921144,2.229076018516106,11639074,1151934,185218,5.0227999096775315,2153
./files\20160204_10-K_edgar_data_30554_0000030554-16-000106_1.txt,24672466,1385138,1.430326797763111,16730994,1701677,282609,5.054958422915262,2210
./files\20160209_10-K_edgar_data_731766_0000731766-16-000058_1.txt,20378358,1123970,2.2475688852905327,13885406,1306603,214846,5.129316618770964,1996
./files\20160210_10-K_edgar_data_12927_0000012927-16-000099_1.txt,21300635,1154849,2.0155015937148493,14458853,1430944,229919,5.053103912286368,1891
./files\20160211_10-K_edgar_data_101829_0000101829-16-000050_1.txt,20210192,1120434,2.129799702615237,13809229,1290525,208610,5.104262276939115,1963
./files\20160211_10-K_edgar_data_66740_0001558370-16-003162_1.txt,40011378,2411667,0.8826674661136881,25676885,2682043,258231,4.955743475363722,2068
./files\20160211_10-K_edgar_data_86312_0001047469-16-010107_1.txt,28580969,1442324,1.2529778329973016,18293397,1590141,427276,4.984827264886392,2381
./files\20160212_10-K_edgar_data_50863_0000050863-16-000105_1.txt,29966726,1293815,2.3470125172455103,18590201,2464380,449985,4.986056739178322,2138
./files\20160216_10-K_edgar_data_18230_0000018230-16-000410_1.txt,52080212,2473974,2.403380148700027,32153935,4003601,980493,5.105435222843894,2068
./files\20160219_10-K_edgar_data_4962_0001193125-16-469798_1.txt,25795480,1540438,1.0376269606436612,16982339,1618838,306719,4.830839670275597,2305
./files\20160222_10-K_edgar_data_886982_0001193125-16-470289_1.txt,28826324,1383089,1.9438373090957992,18352808,1820537,341318,4.941958182011425,2469
./files\20160223_10-K_edgar_data_19617_0000019617-16-000902_1.txt,82343207,4493126,1.9926661304401434,56134461,5012196,895414,5.0247435749631775,2422
./files\20160223_10-K_edgar_data_51143_0001047469-16-010329_1.txt,40163953,2466147,0.8129685700000852,26501259,2693503,445442,4.792134856519096,2315
./files\20160223_10-K_edgar_data_732712_0001193125-16-473367_1.txt,16106203,754716,1.8726249344124146,10343972,884738,230718,4.714841079293403,1863
./files\20160224_10-K_edgar_data_200406_0000200406-16-000071_1.txt,18679332,1030060,2.242490728695416,12650017,1229759,204235,5.108133506786013,1866
./files\20160224_10-K_edgar_data_34088_0000034088-16-000065_1.txt,20962361,1291294,0.8487610102734156,13831427,1379555,192625,4.842931973663627,2022
./files\20160225_10-K_edgar_data_21344_0000021344-16-000050_1.txt,26243359,1467173,1.9001849134355664,17902617,1664011,285804,5.083923300115256,2220
./files\20160225_10-K_edgar_data_63908_0000063908-16-000103_1.txt,17464679,654880,2.514201075006108,9929217,1638100,360915,5.00049780112387,1733
./files\20160225_10-K_edgar_data_93410_0000093410-16-000049_1.txt,26171984,1371319,2.033662481158651,17198855,1788659,281842,5.066151639407024,1967
./files\20160226_10-K_edgar_data_310158_0000310158-16-000063_1.txt,25623685,1437013,2.081470383357701,17520594,1591855,272076,5.1182793753431595,2187
./files\20160226_10-K_edgar_data_40545_0000040545-16-000145_1.txt,49859981,2588421,0.9285583759365266,30007504,4292772,854258,4.918072446483783,2296
./files\20160229_10-K_edgar_data_78003_0000078003-16-000077_1.txt,37068756,1984028,2.20626926636116,25023820,2423634,400011,5.0309516801174174,2430
./files\20160324_10-K_edgar_data_354950_0000354950-16-000060_1.txt,9384092,505040,1.9899413907809285,6310800,664775,103114,5.029661016949152,1831
./files\20160330_10-K_edgar_data_104169_0000104169-16-000079_1.txt,14154531,853435,2.1169743448534453,9666028,861520,141562,5.101556650477189,2179
./files\20160721_10-K_edgar_data_320187_0000320187-16-000336_1.txt,14641297,826072,2.178623655080913,9991973,946046,156701,5.109964990945099,1866
./files\20160728_10-K_edgar_data_789019_0001193125-16-662209_1.txt,13851767,599726,1.9232115999639836,8854095,763754,210093,4.828188205947383,1951
./files\20160809_10-K_edgar_data_80424_0000080424-16-000212_1.txt,18347516,1035271,1.9829590513015434,12484447,1186816,195489,5.066431881120982,2101
./files\20160908_10-K_edgar_data_858877_0000858877-16-000117_1.txt,24254302,1409676,2.0355031936416594,16610118,1515868,254509,5.092758194081477,2190
./files\20161026_10-K_edgar_data_320193_0001628280-16-020309_1.txt,13277662,734726,2.1493726913162186,9078771,794594,139003,5.04374283746594,1727
./files\20161115_10-K_edgar_data_1403161_0001403161-16-000058_1.txt,20871018,1071291,2.292934412778601,13851219,1448714,241648,5.024010282920327,2091
./files\20170202_10-K_edgar_data_30554_0000030554-17-000004_1.txt,23540382,1320165,1.413611177390705,15868187,1694310,269862,5.0414122477114605,2158
./files\20170208_10-K_edgar_data_12927_0000012927-17-000006_1.txt,22227569,1179273,1.9869020998530451,14784387,1529764,259372,5.037208517451006,1974
./files\20170208_10-K_edgar_data_731766_0000731766-17-000009_1.txt,19577618,1091949,2.1997364345770727,13284449,1285028,208249,5.125765946944409,1925
./files\20170209_10-K_edgar_data_101829_0000101829-17-000007_1.txt,20533428,1151088,2.1034013038099606,13998856,1323405,212719,5.093501105041491,1998
./files\20170209_10-K_edgar_data_66740_0001558370-17-000479_1.txt,41048145,2482637,0.8908672512332653,26397003,2719251,262495,4.952105362161283,2137
./files\20170215_10-K_edgar_data_18230_0000018230-17-000041_1.txt,58369704,2798701,2.39621881722985,35908069,4457828,1123024,5.105783004329509,2189
./files\20170216_10-K_edgar_data_86312_0001047469-17-000695_1.txt,43398510,2218959,1.021650242298303,27387675,2432045,659120,5.036372911802336,2451
./files\20170217_10-K_edgar_data_4962_0001193125-17-047588_1.txt,24352233,1491850,1.055132888695244,16292748,1431651,272701,5.007282233468512,2232
./files\20170217_10-K_edgar_data_50863_0000050863-17-000012_1.txt,31379604,1219703,2.318597232277038,18656475,2711547,491428,4.9309840182405065,2197
./files\20170221_10-K_edgar_data_732712_0001193125-17-050292_1.txt,16962191,798560,1.9445001001803246,10900836,930061,240076,4.72635619114406,1900
./files\20170222_10-K_edgar_data_34088_0000034088-17-000017_1.txt,23416048,1477668,0.7800805052285087,15535471,1550125,213988,4.924605527087276,1906
./files\20170223_10-K_edgar_data_78003_0000078003-17-000014_1.txt,38565300,2060461,2.214164694211635,26076924,2500424,408800,5.023764099393291,2393
./files\20170223_10-K_edgar_data_93410_0000093410-17-000013_1.txt,28494544,1437695,2.036593296909289,18347287,2227004,352159,5.060576130542292,1986
./files\20170224_10-K_edgar_data_21344_0000021344-17-000009_1.txt,26345187,1475410,1.872970903003233,17952102,1681618,287052,5.06923702564033,2124
./files\20170224_10-K_edgar_data_40545_0000040545-17-000010_1.txt,50388553,3033214,0.8114495053761457,31822092,3818591,758263,5.038009846980794,2294
./files\20170227_10-K_edgar_data_200406_0000200406-17-000006_1.txt,19129328,1059830,2.2219601256805337,12956911,1251167,207989,5.105357462989347,1906
./files\20170227_10-K_edgar_data_886982_0001193125-17-056804_1.txt,28963699,1389879,2.5960533255053138,18505426,1812497,337351,4.952030356599387,2393
./files\20170228_10-K_edgar_data_19617_0000019617-17-000314_1.txt,79969060,4402427,1.945608638144369,54288722,4967532,879818,5.030561097322,2437
./files\20170228_10-K_edgar_data_310158_0000310158-17-000010_1.txt,25609571,1447303,2.025906116411007,17503326,1602401,271433,5.1011294801434115,2226
./files\20170228_10-K_edgar_data_51143_0001047469-17-001061_1.txt,37895734,1913860,1.0316846582299646,24066822,2286100,433330,4.8949964992214685,2255
./files\20170301_10-K_edgar_data_63908_0000063908-17-000017_1.txt,14904272,698849,2.2944870780383173,9396891,1203218,215618,4.988267851853548,1875
./files\20170323_10-K_edgar_data_354950_0000354950-17-000005_1.txt,9136551,491940,1.9898768142456398,6144485,647120,99074,5.017496036101964,1776
./files\20170331_10-K_edgar_data_104169_0000104169-17-000021_1.txt,12826099,760124,2.1905636448789934,8751220,783967,129428,5.098239234651189,2140
./files\20170720_10-K_edgar_data_320187_0000320187-17-000090_1.txt,14463966,819748,2.1805481684615273,9867694,936994,154364,5.1039246207371045,1897
./files\20170802_10-K_edgar_data_789019_0001564590-17-014900_1.txt,28245787,1762105,0.676236660130923,19357307,1417510,250734,4.942782637811027,1935
./files\20170807_10-K_edgar_data_80424_0000080424-17-000047_1.txt,18289286,1050860,2.0402337133395507,12468535,1171611,189047,5.058375045201074,2014
./files\20170907_10-K_edgar_data_858877_0000858877-17-000016_1.txt,25271220,1481184,2.0329682200185797,17323467,1564033,257839,5.085493767148443,2172
./files\20171103_10-K_edgar_data_320193_0000320193-17-000070_1.txt,14071062,785823,2.329277712665575,9623445,842218,145832,5.047192561174717,1796
./files\20171117_10-K_edgar_data_1403161_0001403161-17-000044_1.txt,21478842,1097625,2.2787381847170027,14237415,1481950,250749,5.03817879512584,1934
./files\20180208_10-K_edgar_data_66740_0001558370-18-000535_1.txt,42218693,2505282,0.8966256094124334,26674109,3205232,342276,4.9651364596879715,2142
./files\20180209_10-K_edgar_data_101829_0000101829-18-000005_1.txt,19689065,1094919,2.137692377244344,13382202,1298855,204670,5.097495796492709,1845
./files\20180212_10-K_edgar_data_12927_0000012927-18-000007_1.txt,21998593,1149022,2.0369496841661867,14568993,1537973,261125,5.040669369254897,1789
./files\20180213_10-K_edgar_data_731766_0000731766-18-000005_1.txt,18650022,1051777,2.195427357700349,12691649,1211678,194043,5.128901848966083,1978
./files\20180215_10-K_edgar_data_1666700_0001666700-18-000009_1.txt,43705619,2429772,1.3383971829455603,29375504,3112615,520696,5.016470269638468,2235
./files\20180215_10-K_edgar_data_18230_0000018230-18-000042_1.txt,52636445,2521749,2.3745820856873543,32568048,4017123,967702,5.097786100044057,2038
./files\20180215_10-K_edgar_data_86312_0001047469-18-000812_1.txt,42820235,2150490,1.0040967407428076,27020555,2353226,640436,5.056417839655149,2318
./files\20180216_10-K_edgar_data_4962_0000004962-18-000032_1.txt,27909742,1873861,0.7534710418755713,18838557,1670318,333410,5.191844539162723,2192
./files\20180216_10-K_edgar_data_50863_0000050863-18-000007_1.txt,70906020,1284855,2.2896747103758788,34723989,8982934,1819300,4.7175424464239155,2559
./files\20180221_10-K_edgar_data_200406_0000200406-18-000005_1.txt,19776959,1084040,2.230729493376628,13332126,1306508,218891,5.099709420316594,1879
./files\20180222_10-K_edgar_data_78003_0000078003-18-000027_1.txt,43501143,2329999,2.253649035900874,29303848,2755070,475657,5.039149802210216,2498
./files\20180222_10-K_edgar_data_93410_0000093410-18-000010_1.txt,26865786,1450719,2.032440465727684,17811075,1758834,276510,5.059342298542998,1964
./files\20180223_10-K_edgar_data_21344_0000021344-18-000008_1.txt,27395501,1532668,1.8891893091002094,18674449,1730948,297426,5.073289844897917,2126
./files\20180223_10-K_edgar_data_40545_0000040545-18-000014_1.txt,55888443,2308584,1.7358259435220897,33879930,4819203,883626,4.895081573813212,2522
./files\20180223_10-K_edgar_data_63908_0000063908-18-000010_1.txt,19318946,772619,2.26088149527775,10993292,1788066,358108,4.901014600987033,1777
./files\20180223_10-K_edgar_data_732712_0000732712-18-000009_1.txt,22412718,1271496,2.050026110974789,15213978,1401242,241520,5.050861347577971,2134
./files\20180226_10-K_edgar_data_886982_0001193125-18-056383_1.txt,30020364,1530452,3.4765546387603137,19388567,1821158,339047,4.923621256988132,2459
./files\20180227_10-K_edgar_data_19617_0000019617-18-000057_1.txt,77643635,4299108,1.952149143496744,52670476,4839611,859201,5.030746145479481,2471
./files\20180227_10-K_edgar_data_310158_0000310158-18-000005_1.txt,27004111,1512180,2.1025274768876723,18516990,1633464,283322,5.122423917787565,2194
./files\20180227_10-K_edgar_data_51143_0001047469-18-001117_1.txt,38496329,1935526,1.0226677399321942,24459469,2307653,436963,4.901465544766642,2118
./files\20180228_10-K_edgar_data_34088_0000034088-18-000015_1.txt,23712262,1493888,0.7831912432525062,15734786,1560014,214988,4.920567003684345,1978
./files\20180322_10-K_edgar_data_354950_0000354950-18-000019_1.txt,11277492,518223,2.0597310424276807,7113351,871538,151025,4.975610885661192,1793
./files\20180330_10-K_edgar_data_104169_0000104169-18-000028_1.txt,14914359,907512,2.076225989298213,10178176,906070,149076,5.081136117208367,2206
./files\20180725_10-K_edgar_data_320187_0000320187-18-000142_1.txt,14457519,815575,2.1762560156944484,9849132,955762,156453,5.094280722189866,1910
./files\20180803_10-K_edgar_data_789019_0001564590-18-019062_1.txt,29646751,1902466,0.6064234525084811,20352607,1500272,248693,4.939388667129925,1999
./files\20180807_10-K_edgar_data_80424_0000080424-18-000055_1.txt,19616337,1142427,1.902441031243134,13116507,1360721,168001,4.972997837060924,2167
./files\20180906_10-K_edgar_data_858877_0000858877-18-000011_1.txt,24656624,1446076,2.0331573167662005,16885265,1538168,253006,5.070903603959958,2168
./files\20181011_10-K_edgar_data_1618921_0001628280-18-012472_1.txt,15911885,902638,2.008446353909319,10831637,1014278,165968,5.0797240975895095,2092
./files\20181105_10-K_edgar_data_320193_0000320193-18-000145_1.txt,12275572,673088,2.2986593134924407,8381747,753724,128144,5.034974624417609,1694
./files\20181116_10-K_edgar_data_1403161_0001403161-18-000055_1.txt,18828853,943516,2.3056312770530654,12424921,1342503,222410,5.024301654661924,1951
./files\20190201_10-K_edgar_data_50863_0000050863-19-000007_1.txt,59893711,1180290,2.4472799057858663,29826421,7103639,1453242,4.810180548848164,2399
./files\20190207_10-K_edgar_data_101829_0000101829-19-000007_1.txt,23919038,1349088,2.0629491923432717,16262745,1540124,250690,5.078603471382149,2127
./files\20190207_10-K_edgar_data_66740_0001558370-19-000470_1.txt,43291501,2562902,0.8978493910418736,27294449,3363690,371452,4.958616443391125,2105
./files\20190208_10-K_edgar_data_12927_0000012927-19-000010_1.txt,27574700,1517958,1.9313446090076274,18241974,1880268,253882,4.9720466574173985,1825
./files\20190211_10-K_edgar_data_1666700_0001666700-19-000006_1.txt,44162573,2459685,1.312647757741337,29719721,3125895,524902,5.037408448642814,2259
./files\20190212_10-K_edgar_data_731766_0000731766-19-000005_1.txt,18298270,1040751,2.1782347554794566,12453912,1187991,188632,5.125120225683185,2057
./files\20190213_10-K_edgar_data_4962_0000004962-19-000018_1.txt,26909330,1814121,0.7420122472536287,18189434,1555494,313816,5.178715752697863,2133
./files\20190214_10-K_edgar_data_18230_0000018230-19-000034_1.txt,56778859,2640892,2.384118699287968,34696097,4420740,1070376,5.093753171276978,2096
./files\20190214_10-K_edgar_data_86312_0000086312-19-000009_1.txt,51455998,3072402,2.3907027791285125,35309855,2884459,551196,5.215597763573907,2315
./files\20190215_10-K_edgar_data_732712_0000732712-19-000012_1.txt,24726586,1406766,2.0631718423675296,16793420,1544303,267720,5.076986506640052,2133
./files\20190220_10-K_edgar_data_200406_0000200406-19-000009_1.txt,27672234,1520251,2.3727660761282183,18693972,1736102,307254,5.127504602858344,1949
./files\20190221_10-K_edgar_data_21344_0000021344-19-000014_1.txt,28900337,1601434,1.896862437040802,19643754,1878819,318807,5.065565611820406,2165
./files\20190222_10-K_edgar_data_63908_0000063908-19-000010_1.txt,21112657,805331,2.2630446363048238,11752976,2026435,425624,4.895321302669338,1968
./files\20190222_10-K_edgar_data_93410_0000093410-19-000008_1.txt,27942737,1458261,1.997447644831755,18225146,1858839,295351,5.036235625858471,1963
./files\20190226_10-K_edgar_data_19617_0000019617-19-000054_1.txt,85579411,4955811,1.8257556634020142,58067821,5411388,688797,4.935075005887028,2514
./files\20190226_10-K_edgar_data_51143_0001047469-19-000712_1.txt,40132688,2021619,1.01433553998058,25522447,2404388,452624,4.904219835686151,2149
./files\20190226_10-K_edgar_data_886982_0001193125-19-050198_1.txt,29836011,1484006,3.72855635354574,19171108,1854753,339102,4.906129759583182,2523
./files\20190227_10-K_edgar_data_310158_0000310158-19-000014_1.txt,28752912,1615373,2.0935102914311434,19633525,1789868,303863,5.117086889529539,2337
./files\20190227_10-K_edgar_data_34088_0000034088-19-000010_1.txt,24066786,1530158,0.757307415312667,15973763,1578534,216685,4.921659070501216,1966
./files\20190228_10-K_edgar_data_78003_0000078003-19-000015_1.txt,46846663,2557734,2.2138736866304316,31722183,2964796,499329,5.028658179466668,2723
./files\20190328_10-K_edgar_data_104169_0000104169-19-000016_1.txt,22339960,852211,2.2777223011671994,13090051,2050565,396424,5.049932469775678,2129
./files\20190328_10-K_edgar_data_354950_0000354950-19-000010_1.txt,11664158,547114,2.0372353842160864,7391880,893484,155186,4.999248785445081,1787
./files\20190723_10-K_edgar_data_320187_0000320187-19-000051_1.txt,14926311,747920,1.5359931543480585,9663316,1190539,185421,4.935404856134346,1951
./files\20190801_10-K_edgar_data_789019_0001564590-19-027952_1.txt,26807783,1726941,0.6171606325867531,18360877,1374423,223809,4.91332419578897,2105
./files\20190806_10-K_edgar_data_80424_0000080424-19-000050_1.txt,19640818,1125902,1.9325838305642944,13097281,1375063,169719,4.954381464816653,2088
./files\20190905_10-K_edgar_data_858877_0000858877-19-000012_1.txt,22538185,1261604,2.0637220554151696,15382510,1406897,240367,5.104168185896684,1932
./files\20191028_10-K_edgar_data_1618921_0001618921-19-000069_1.txt,18436066,1116565,1.936833054949779,12664697,1117645,185242,5.038369463488467,2273
./files\20191031_10-K_edgar_data_320193_0000320193-19-000119_1.txt,12861616,715990,2.051006298970656,8617959,844761,111371,4.91898350535622,1779
./files\20191114_10-K_edgar_data_1403161_0001403161-19-000050_1.txt,28748946,1243598,2.0665842177295235,17392158,2399541,395018,4.858920647990749,2455
./files\20191120_10-K_edgar_data_1744489_0001744489-19-000225_1.txt,35176390,2082398,1.9417037473143943,23639583,2289548,280299,5.027297375429673,1982
